{
	"format_version": "1.8.0",
	"animations": {
		"animation.endtransformation.new": {
			"animation_length": 0.33333,
			"bones": {
				"Head": {
					"rotation": {
						"0.0": {
							"vector": [15, 0, 0]
						},
						"0.0417": {
							"vector": [10, 0, 0]
						},
						"0.0833": {
							"vector": [0, 0, 0]
						},
						"0.125": {
							"vector": [-5, 0, 0]
						},
						"0.25": {
							"vector": [-2.5, 0, 0]
						},
						"0.2917": {
							"vector": [2.5, 0, 0]
						}
					},
					"position": {
						"vector": [0, 0, 0]
					}
				},
				"Body": {
					"position": {
						"0.0": {
							"vector": [0, -1, 0]
						},
						"0.0833": {
							"vector": [0, 0, 0]
						}
					}
				},
				"RightArm": {
					"rotation": {
						"0.0": {
							"vector": [-42.3946, 3.0414, 3.9705]
						},
						"0.0417": {
							"vector": [-37.26908, 4.72508, 3.82283]
						},
						"0.0833": {
							"vector": [-24.76908, 4.72508, 5.82283]
						},
						"0.125": {
							"vector": [-17.26908, 4.72508, 5.82283]
						},
						"0.25": {
							"vector": [-17.60082, 3.22609, 1.04116]
						},
						"0.2917": {
							"vector": [0, 0, 0]
						}
					},
					"position": {
						"0.0417": {
							"vector": [0, -1, 0]
						},
						"0.0833": {
							"vector": [0, 0, 0]
						}
					}
				},
				"LeftArm": {
					"rotation": {
						"0.0": {
							"vector": [-39.8974, -2.8654, -4.0992]
						},
						"0.0417": {
							"vector": [-34.77441, -4.46707, -4.02276]
						},
						"0.0833": {
							"vector": [-22.27441, -4.46707, -6.02276]
						},
						"0.125": {
							"vector": [-14.77441, -4.46707, -6.02276]
						},
						"0.25": {
							"vector": [-15.09738, -3.17761, -1.18101]
						},
						"0.2917": {
							"vector": [0, 0, 0]
						}
					},
					"position": {
						"0.0417": {
							"vector": [0, -0.1, 0]
						},
						"0.0833": {
							"vector": [0, 0, 0]
						}
					}
				},
				"RightLeg": {
					"rotation": {
						"vector": [0, 0, 0]
					}
				}
			}
		}
	}
}